Index,Time,(chassis).vel,((cap)->cap_msg).power
0,0.000000,-0.0357669406,0.729461551
1,0.040000,-0.0330494009,0.727460146
2,0.073000,-0.0371984765,0.729962111
3,0.112000,-0.0346602648,0.412141532
4,0.147000,-0.0310422406,0.41327545
5,0.181000,-0.034615282,1.0427773
6,0.216000,-0.0335846245,0.728961289
7,0.250000,-0.0336227082,1.04205978
8,0.285000,-0.0374233946,0.41327545
9,0.318000,-0.041628547,0.726959586
10,0.351000,-0.0314539894,0.41299203
11,0.383000,-0.0393538401,1.35622466
12,0.419000,-0.0364951827,0.728961289
13,0.451000,-0.0351664312,0.412425011
14,0.492000,-0.0393462665,0.728961289
15,0.527000,-0.0389553569,1.04205978
16,0.559000,-0.0362652838,1.04564631
17,0.593000,-0.0365254954,1.0427773
18,0.626000,-0.0318488032,0.41299203
19,0.661000,-0.0406319462,0.726959586
20,0.692000,-0.0321713202,0.728961289
21,0.729000,-0.0396392122,1.04205978
22,0.762000,-0.0363780037,0.412708461
23,0.796000,-0.0301915519,1.0427773
24,0.832000,-0.0383864678,0.412708461
25,0.868000,-0.0367529802,0.726459265
26,0.900000,-0.0356954671,0.41327545
27,0.936000,-0.0381631814,0.726959586
28,0.971000,-0.0358783044,1.04564631
29,1.007000,-0.0379696004,0.411574513
30,1.040000,-0.0367591158,0.41299203
31,1.073000,-0.0318833143,0.727460146
32,1.106000,-0.0389766879,0.728961289
33,1.141000,-0.0341517143,1.04205978
34,1.175000,-0.0401779972,0.728961289
35,1.211000,-0.0362975337,1.0427773
36,1.245000,-0.0368714295,0.0970255509
37,1.281000,-0.0389442667,0.0967591181
38,1.313000,-0.0375135541,1.04492915
39,1.348000,-0.0402005129,0.727960467
40,1.391000,-0.0379116684,1.35996127
41,1.443000,-0.0409876555,1.04205978
42,1.476000,-0.0344957151,0.727960467
43,1.523000,-0.0392602161,0.727960467
44,1.562000,-0.0359999053,0.728961289
45,1.600000,-0.040317703,0.727960467
46,1.635000,-0.0397520773,0.727460146
47,1.671000,-0.0418637656,1.04564631
48,1.705000,-0.0428456403,1.0427773
49,1.740000,-0.0433089547,1.04349458
50,1.777000,-0.0461688787,0.727460146
51,1.811000,-0.0397648253,0.728460789
52,1.852000,-0.0418264046,1.35622466
53,1.888000,-0.0386947133,0.727460146
54,1.923000,-0.0412658639,1.35715866
55,1.958000,-0.0427761488,1.36089563
56,1.993000,-0.0415407084,1.04134262
57,2.029000,-0.0427146628,1.99420035
58,2.064000,-0.0481970496,1.67110944
59,2.101000,-0.0766977817,4.19888258
60,2.137000,-0.118340716,1.67226028
61,2.178000,-0.152844116,1.98599279
62,2.212000,-0.168019772,-2.42904997
63,2.256000,-0.16901876,-2.42404413
64,2.292000,-0.169000745,-2.74484539
65,2.332000,-0.134372398,-1.79265368
66,2.367000,-0.0627254695,13.9228249
67,2.411000,0.150597528,11.3459597
68,2.449000,0.225111768,26.2727852
69,2.484000,0.302245915,43.1708488
70,2.526000,0.427764535,58.3782425
71,2.569000,0.592872918,115.711365
72,2.612000,0.746746123,151.74118
73,2.647000,0.854652882,176.969482
74,2.678000,0.985767007,190.454712
75,2.715000,1.12408912,203.001968
76,2.753000,1.239362,215.51207
77,2.784000,1.35320449,229.731598
78,2.819000,1.4575932,210.915543
79,2.852000,1.55158293,214.896515
80,2.884000,1.63162994,227.63858
81,2.917000,1.74211752,230.907791
82,2.951000,1.80379665,225.181885
83,2.983000,1.84403634,183.419434
84,3.019000,2.02509975,311.593933
85,3.050000,2.10071802,112.594917
86,3.085000,2.01051617,87.4861603
87,3.117000,2.10278416,204.753662
88,3.152000,2.17419934,149.228348
89,3.186000,2.17834282,139.32074
90,3.222000,2.25371671,138.807007
91,3.256000,2.31159186,114.535233
92,3.289000,2.33318901,122.884132
93,3.324000,2.36808205,119.346504
94,3.362000,2.38959837,99.612175
95,3.396000,2.41384888,91.2798233
96,3.451000,2.44759011,88.0948029
97,3.491000,2.4609859,75.2749939
98,3.533000,2.4628756,72.9202423
99,3.570000,2.46814013,68.8309402
100,3.603000,2.46893978,53.5635185
101,3.639000,2.48328352,70.5222855
102,3.672000,2.49968481,62.3392181
103,3.736000,2.49198866,52.2235832
104,3.766000,2.49181938,36.2258911
105,3.808000,2.48571444,51.7562675
106,3.840000,2.50725722,50.8696022
107,3.875000,2.49604964,42.5909576
108,3.967000,2.50017548,41.8863831
109,3.996000,2.50303555,37.4348259
110,4.021000,2.51515031,44.9910316
111,4.058000,2.51403284,35.0643806
112,4.090000,2.50909925,36.7658272
113,4.143000,2.4896431,33.8264923
114,4.177000,2.49953794,38.0252647
115,4.234000,2.50985479,42.163887
116,4.260000,2.49071097,21.5682259
117,4.294000,2.48693609,40.4353142
118,4.329000,2.48600602,35.8666306
119,4.364000,2.48346996,33.8502045
120,4.399000,2.49685955,37.5400658
121,4.437000,2.49389076,35.2994194
122,4.470000,2.48944807,37.2828026
123,4.550000,2.48293281,35.4233894
124,4.585000,2.48897982,33.8264923
125,4.642000,2.47821379,35.6332817
126,4.683000,2.4734273,38.3875656
127,4.722000,2.47027373,22.5175419
128,4.774000,2.48560333,44.2550049
129,4.812000,2.47238803,39.6506348
130,4.914000,2.46371603,39.9596634
131,4.951000,2.47414947,43.3590088
132,4.985000,2.47521019,41.7258263
133,5.025000,2.45394373,32.9442291
134,5.155000,2.47484231,35.9170837
135,5.183000,2.47160459,25.9069538
136,5.222000,2.45716166,38.3875656
137,5.264000,2.44352841,33.2541733
138,5.311000,2.445086,25.5602703
139,5.690000,2.43620992,35.0889587
140,5.721000,2.44051003,36.6373482
141,5.746000,2.44274831,38.696373
142,5.774000,2.43603659,31.3508015
143,5.800000,2.43159676,38.7779121
144,5.833000,2.42253685,32.9211693
145,5.861000,2.42472339,43.3285751
146,5.888000,2.42826581,34.4937057
147,5.915000,2.43907762,40.8580894
148,5.942000,2.43184233,33.8264923
149,5.970000,2.42225766,31.6824589
150,5.997000,2.42278314,39.0599785
151,6.025000,2.41132951,38.1857338
152,6.077000,2.42088294,33.8027878
153,6.105000,2.42434049,35.0152283
154,6.153000,2.42117453,41.2825623
155,6.187000,2.41510892,38.4145279
156,6.228000,2.40614438,35.4233894
157,6.263000,2.42468262,39.5949783
158,6.297000,2.42669535,40.325264
159,6.341000,2.42864823,37.2306061
160,6.578000,2.41370916,33.5640221
161,6.604000,2.42002583,64.4436951
162,6.629000,2.46660137,67.8143616
163,6.656000,2.49836493,47.9644547
164,6.686000,2.51127338,24.8346672
165,6.712000,2.52743626,14.0798206
166,6.738000,2.52498055,-2.71279192
167,6.765000,2.5103929,-7.41435099
168,6.821000,2.47693443,-33.7474327
169,6.879000,-1.44602919,171.512436
170,8.353000,-2.21287465,26.4919071
171,9.765000,-2.20669889,35.6582947
172,9.812000,-2.18553185,19.6873226
173,9.966000,-2.19735432,30.4437408
174,9.996000,-2.18096042,18.4562187
175,10.023000,-2.17577434,27.4043865
176,10.049000,-2.18998456,46.3189125
177,10.076000,-2.18828082,31.3508015
178,10.438000,-2.16282868,27.094101
179,10.515000,-2.17045259,29.8452835
180,10.544000,-2.16896772,29.2459011
181,10.661000,-2.16237545,27.3660812
182,10.885000,-2.14773178,26.4919071
183,10.914000,-2.15481377,36.9728584
184,10.950000,-2.16149139,33.1610718
185,10.990000,-2.16854024,30.2184963
186,11.024000,-2.154181,29.2049923
187,11.061000,-2.14545631,27.7340889
188,11.101000,-2.13718963,25.2144451
189,11.214000,-2.14919615,25.8888817
190,11.254000,-2.14265037,26.1813564
191,11.299000,-2.13581467,33.5875092
192,11.385000,-2.14648557,33.8027878
193,11.456000,-2.1369288,34.1120796
194,11.482000,-2.13503671,28.6657639
195,11.517000,-2.12572169,28.3155613
196,11.553000,-2.12454748,38.8050919
197,11.586000,-2.13661933,34.9906502
198,11.620000,-2.13635445,28.9763145
199,11.652000,-2.13704848,31.992136
200,11.687000,-2.13781118,28.0642624
201,11.725000,-2.11563897,23.0758572
202,11.759000,-2.12068343,30.2184963
203,11.827000,-2.13561368,36.9728584
204,11.884000,-2.12539244,28.9763145
205,11.918000,-2.12066483,26.8211689
206,11.956000,-2.11511755,29.5560513
207,11.988000,-2.11230612,32.1041718
208,12.026000,-2.12025023,36.0432205
209,12.060000,-2.126091,33.230896
210,12.102000,-2.11729479,20.3092804
211,12.136000,-2.10411787,19.6873226
212,12.174000,-2.09415579,29.3072662
213,12.222000,-2.10195899,31.9697285
214,12.257000,-2.11306691,28.0446777
215,12.290000,-2.10263085,16.9120197
216,12.325000,-2.10484505,24.091383
217,12.358000,-2.0940299,9.14572144
218,12.391000,-2.06666923,15.074976
219,12.426000,-2.05776572,20.6490211
220,12.462000,-2.06617761,29.0167904
221,12.495000,-2.0825808,11.9377213
222,12.531000,-2.09604621,10.0749483
223,12.564000,-2.10439992,10.0749483
224,12.604000,-2.0884316,10.0749483
225,12.671000,-2.08848262,10.0749483
226,12.701000,-2.04603267,10.0749483
227,12.736000,-2.00036144,10.0749483
228,12.768000,-1.94805467,10.0749483
229,12.802000,-1.87220454,10.0749483
230,12.836000,-1.81438589,-42.9537163
231,12.871000,-1.73259389,-42.9537163
232,12.912000,-1.60542047,-42.9537163
233,12.946000,-1.55493307,-42.9537163
234,12.981000,-1.50097883,-42.9537163
235,13.016000,-1.42045605,-42.9537163
236,13.051000,-1.32120204,-42.9537163
237,13.085000,-1.2399416,-42.9537163
238,13.118000,-1.13682568,-42.9537163
239,13.154000,-1.07115579,-34.6596756
240,13.186000,-1.00512385,-34.6596756
241,13.223000,-0.883318543,-34.6596756
242,13.255000,-0.83107096,-34.6596756
243,13.290000,-0.714113355,-34.6596756
244,13.322000,-0.681524694,-34.6596756
245,13.360000,-0.642264783,-34.6596756
246,13.393000,-0.595950127,-9.02257156
247,13.427000,-0.579290211,-9.02257156
248,13.467000,-0.569273591,-9.02257156
249,13.500000,-0.558767974,-9.02257156
250,13.538000,-0.565125048,-9.02257156
251,13.570000,-0.581404805,-9.02257156
252,13.607000,-0.562809169,-9.02257156
253,13.641000,-0.578316569,-9.02257156
254,13.675000,-0.612646043,-9.02257156
255,13.709000,-0.614816189,-9.02257156
256,13.744000,-0.613104761,-9.02257156
257,13.777000,-0.62080276,-9.02257156
258,13.814000,-0.650525928,-9.02257156
259,13.847000,-0.668554604,-9.02257156
260,13.885000,-0.666589916,-9.02257156
261,13.925000,-0.625828266,-9.02257156
262,13.959000,-0.596013129,-9.02257156
263,13.994000,-0.55334729,-9.02257156
264,14.027000,-0.524240673,-9.02257156
265,14.062000,-0.482348442,-9.02257156
266,14.094000,-0.439962059,-9.02257156
267,14.129000,-0.406985879,-9.02257156
268,14.164000,-0.380451351,-9.02257156
269,14.199000,-0.35471946,-9.02257156
270,14.237000,-0.349788159,-9.02257156
271,14.272000,-0.344983608,-9.02257156
272,14.305000,-0.340262562,-9.02257156
273,14.342000,-0.230392277,-9.02257156
274,14.374000,-0.184093162,-9.02257156
275,14.409000,-0.188556686,-9.02257156
276,14.442000,-0.181836516,-9.02257156
277,14.479000,-0.151472092,-9.02257156
278,14.512000,-0.130182922,-9.02257156
279,14.552000,-0.112823769,-9.02257156
280,14.584000,-0.0907365456,-9.02257156
281,14.620000,-0.0490413755,-9.02257156
282,14.652000,0.00108522363,-9.02257156
283,14.689000,0.0197620951,-9.02257156
284,14.722000,0.0174009763,-9.02257156
285,14.758000,0.00272963475,-9.02257156
286,14.790000,0.00542206224,-9.02257156
287,14.826000,-0.0113294404,-9.02257156
288,14.864000,-0.12101537,-9.02257156
289,14.897000,0.205445856,-9.02257156
290,14.940000,0.104195699,-9.02257156
291,14.980000,-0.0908023641,-9.02257156
292,15.014000,-0.183475167,-9.02257156
293,15.052000,-0.0544374362,-9.02257156
294,15.084000,-0.0249186363,-9.02257156
295,15.121000,0.00726739969,-9.02257156
296,15.154000,-0.0211093202,-9.02257156
297,15.193000,-0.00695549697,-9.02257156
298,15.226000,0.0026958168,-9.02257156
299,15.261000,-0.0069739623,-9.02257156
300,15.294000,-0.00649248902,-9.02257156
301,15.329000,-0.0130524058,-9.02257156
302,15.362000,9.36876168e-05,-9.02257156
303,15.395000,-0.0066343951,-9.02257156
304,15.428000,-0.0107927173,-9.02257156
305,15.463000,-0.0074650133,-9.02257156
306,15.496000,-0.0077798334,-9.02257156
307,15.529000,-0.00872558262,-9.02257156
308,15.570000,-0.0144187035,-9.02257156
309,15.603000,-0.00990946405,-9.02257156
310,15.636000,-0.0142906802,-9.02257156
311,15.671000,-0.0169899687,-9.02257156
312,15.704000,-0.0198601913,-9.02257156
313,15.739000,-0.0188926049,-9.02257156
314,15.772000,-0.0240987204,-9.02257156
315,15.808000,-0.0285600424,-9.02257156
316,15.841000,-0.0299266372,-9.02257156
317,15.875000,-0.0334079675,-9.02257156
318,15.908000,-0.0370769463,-9.02257156
319,15.949000,-0.0380750559,-9.02257156
320,15.990000,-0.0404940918,-9.02257156
321,16.023000,-0.0471463092,-9.02257156
322,16.057000,-0.0531940162,-9.02257156
323,16.090000,-0.0635110885,-9.02257156
324,16.123000,-0.109470934,-9.02257156
325,16.155000,-0.118757762,-9.02257156
326,16.189000,-0.125324562,-9.02257156
327,16.222000,-0.138521522,-9.02257156
328,16.255000,-0.147727579,-9.02257156
329,16.287000,-0.0336670391,-9.02257156
330,16.321000,-0.0369359702,-9.02257156
331,16.354000,0.00525079761,-9.02257156
332,16.386000,0.0190217886,-9.02257156
333,16.418000,0.000697368407,-9.02257156
334,16.451000,-0.00328776939,-9.02257156
335,16.484000,0.00287084654,-9.02257156
336,16.516000,0.00198107143,-9.02257156
337,16.548000,-0.00278284866,-9.02257156
338,16.582000,0.000336931174,-9.02257156
339,16.614000,0.00238359207,-9.02257156
340,16.647000,-0.00118791719,-9.02257156
341,16.682000,-0.00908558629,-9.02257156
342,16.715000,0.00919450819,-9.02257156
343,16.754000,0.0032887375,-9.02257156
344,16.787000,-0.00666601676,-9.02257156
345,16.820000,0.000322634878,-9.02257156
346,16.853000,0.00575945899,-9.02257156
347,16.889000,-0.000280644454,-9.02257156
348,16.922000,-0.00407289434,-9.02257156
349,16.969000,0.00340877171,-9.02257156
350,17.002000,0.00182778551,-9.02257156
351,17.034000,-0.0037804395,-9.02257156
352,17.069000,2.91032047e-05,-9.02257156
353,17.103000,0.00326916156,-9.02257156
354,17.140000,-0.00156421796,-9.02257156
355,17.173000,-0.00164790486,-9.02257156
356,17.207000,0.00218913285,-9.02257156
357,17.239000,0.000997530879,-9.02257156
358,17.274000,-0.00195627334,-9.02257156
359,17.309000,0.000572399236,-9.02257156
360,17.343000,0.00175660278,-9.02257156
361,17.378000,-0.000967140659,-9.02257156
362,17.412000,-0.000774987973,-9.02257156
363,17.445000,0.00139973231,-9.02257156
364,17.479000,0.000536936219,-9.02257156
365,17.512000,-0.000965077255,-9.02257156
366,17.544000,0.00048737519,-9.02257156
367,17.578000,0.000615510624,-9.02257156
368,17.610000,-0.000771226827,-9.02257156
369,17.647000,-0.00051658618,-9.02257156
370,17.680000,0.000639054168,-9.02257156
371,17.715000,-0.000139381271,-9.02257156
372,17.748000,-0.000943603576,-9.02257156
373,17.780000,0.000530297344,-9.02257156
374,17.812000,0.000382317667,-9.02257156
375,17.845000,-0.00046824466,-9.02257156
376,17.881000,-0.000140127842,-9.02257156
377,17.914000,0.000744154153,-9.02257156
378,17.947000,0.000287193572,-9.02257156
379,17.990000,4.32968045e-06,-9.02257156
380,18.024000,0.000577939732,-9.02257156
381,18.058000,7.91857237e-05,-9.02257156
382,18.091000,-0.0003937906,-9.02257156
383,18.126000,0.000518562156,-9.02257156
384,18.159000,0.000432487519,-9.02257156
385,18.195000,-7.98358233e-05,-9.02257156
386,18.229000,-9.7435739e-05,-9.02257156
387,18.262000,0.000450777938,-9.02257156
388,18.295000,9.95150549e-05,-9.02257156
389,18.329000,2.45136907e-05,-9.02257156
390,18.362000,0.000265376933,-9.02257156
391,18.396000,-5.36130392e-06,-9.02257156
392,18.429000,-0.000367063854,-9.02257156
393,18.464000,0.00027388148,-9.02257156
394,18.495000,0.000152396591,-9.02257156
395,18.530000,0.000423288002,-9.02257156
396,18.563000,-0.000108024935,-9.02257156
397,18.598000,0.000209841382,-9.02257156
398,18.630000,-0.000130540619,-9.02257156
399,18.664000,-0.000371718954,-9.02257156
400,18.699000,-0.000364143372,-9.02257156
401,18.732000,-0.000297425489,-9.02257156
402,18.767000,-0.000127492123,-9.02257156
403,18.800000,-0.000170821586,-9.02257156
404,18.835000,0.000625791145,-9.02257156
405,18.867000,-0.000230984166,-9.02257156
406,18.903000,-5.11046237e-05,-9.02257156
407,18.936000,1.14482245e-05,-9.02257156
408,18.971000,-2.38882385e-05,-9.02257156
409,19.014000,-0.000326825771,-9.02257156
410,19.039000,-3.19808896e-06,-9.02257156
411,19.072000,0.000284213689,-9.02257156
412,19.105000,0.000159839648,-9.02257156
413,19.137000,-7.30081083e-05,-9.02257156
414,19.169000,0.000342632964,-9.02257156
415,19.203000,-6.08436094e-05,-9.02257156
416,19.236000,0.000237626489,-9.02257156
417,19.268000,-0.000170706364,-9.02257156
418,19.302000,6.78267752e-05,-9.02257156
419,19.338000,-0.000261721114,-9.02257156
420,19.370000,-8.0534679e-05,-9.02257156
421,19.405000,0.000385086954,-9.02257156
422,19.438000,0.000106203042,-9.02257156
423,19.479000,0.000288918905,-9.02257156
424,19.514000,0.000243216666,-9.02257156
425,19.546000,0.00016734493,-9.02257156
426,19.580000,-0.000211795486,-9.02257156
427,19.612000,0.000207677673,-9.02257156
428,19.644000,-2.77010404e-05,-9.02257156
429,19.676000,-9.92597961e-07,-9.02257156
430,19.710000,9.69978282e-05,-9.02257156
431,19.742000,0.000105562489,-9.02257156
432,19.775000,0.000155557704,-9.02257156
433,19.807000,-0.000257709093,-9.02257156
434,19.843000,5.73136058e-05,-9.02257156
435,19.877000,0.000119207805,-9.02257156
436,19.911000,5.68180003e-05,-9.02257156
437,19.943000,6.61802187e-05,-9.02257156
438,19.979000,0.000363545289,-9.02257156
439,20.023000,-0.000358683115,-9.02257156
440,20.047000,5.23257077e-05,-9.02257156
441,20.080000,-4.4298693e-05,-9.02257156
442,20.115000,0.000152860797,-9.02257156
443,20.150000,0.000134015922,-9.02257156
444,20.183000,-3.35638033e-05,-9.02257156
445,20.217000,-0.000101704914,-9.02257156
446,20.256000,-0.000214614585,-9.02257156
447,20.292000,0.000382112601,-9.02257156
448,20.326000,0.000296547922,-9.02257156
449,20.361000,-4.52908353e-06,-9.02257156
450,20.395000,-1.81447613e-05,-9.02257156
451,20.428000,6.89066474e-06,-9.02257156
452,20.462000,-0.000278128282,-9.02257156
453,20.493000,-0.000186218182,-9.02257156
454,20.527000,0.000195431203,-9.02257156
455,20.560000,-9.84863145e-05,-9.02257156
456,20.594000,0.000114746013,-9.02257156
457,20.626000,-0.000380993384,-9.02257156
458,20.661000,-0.000208500831,-9.02257156
459,20.691000,-0.000361121347,-9.02257156
460,20.724000,0.000363220897,-9.02257156
461,20.756000,1.95124449e-05,-9.02257156
462,20.789000,-1.88240519e-05,-9.02257156
463,20.824000,-4.24727332e-05,-9.02257156
464,20.857000,-0.000451563857,-9.02257156
465,20.892000,-0.000106231593,-9.02257156
466,20.925000,5.62408095e-05,-9.02257156
467,20.957000,-3.51290473e-05,-9.02257156
468,20.992000,-0.000315169047,-9.02257156
469,21.037000,-0.000350745802,-9.02257156
470,21.062000,0.000374868279,-9.02257156
471,21.104000,0.000445817393,-9.02257156
472,21.137000,0.000121136487,-9.02257156
473,21.176000,0.000390978676,-9.02257156
474,21.210000,0.000325688219,-9.02257156
475,21.243000,-0.000281519839,-9.02257156
476,21.276000,-0.000235895655,-9.02257156
477,21.308000,0.000163028817,-9.02257156
478,21.341000,-0.000116102026,-9.02257156
479,21.377000,-0.00010013354,-9.02257156
480,21.411000,-0.000154373498,-9.02257156
481,21.445000,-2.3336459e-05,-9.02257156
482,21.476000,-0.000256554689,-9.02257156
483,21.509000,0.000142378049,-9.02257156
484,21.541000,-7.47776503e-05,-9.02257156
485,21.574000,4.93988628e-05,-9.02257156
486,21.608000,0.000234847903,-9.02257156
487,21.642000,0.000262972055,-9.02257156
488,21.676000,5.03729498e-05,-9.02257156
489,21.709000,0.000213639301,-9.02257156
490,21.744000,0.000311372656,-9.02257156
491,21.776000,0.000265000825,-9.02257156
492,21.812000,0.000200734707,-9.02257156
493,21.844000,-0.000125213221,-9.02257156
494,21.879000,0.000296033249,-9.02257156
495,21.911000,0.000120019744,-9.02257156
496,21.944000,0.000232465012,-9.02257156
497,21.977000,0.000321914995,-9.02257156
498,22.011000,-0.000147914747,-9.02257156
499,22.051000,0.000110020796,-9.02257156
500,22.085000,-0.000227873839,-9.02257156
501,22.120000,0.000302080181,-9.02257156
502,22.157000,0.000187847574,-9.02257156
503,22.190000,0.000372632756,-9.02257156
504,22.226000,0.000178360104,-9.02257156
505,22.258000,3.37759957e-05,-9.02257156
506,22.292000,0.000124612794,-9.02257156
507,22.325000,0.000142608289,-9.02257156
508,22.363000,8.53903766e-05,-9.02257156
509,22.396000,0.000413196714,-9.02257156
510,22.429000,-6.2540712e-06,-9.02257156
511,22.460000,8.15259627e-05,-9.02257156
512,22.496000,-0.000190898834,-9.02257156
513,22.527000,0.00019751981,-9.02257156
514,22.563000,-0.000198455265,-9.02257156
515,22.595000,8.50967626e-05,-9.02257156
516,22.630000,-0.000152132125,-9.02257156
517,22.666000,0.000319205807,-9.02257156
518,22.699000,0.000339173363,-9.02257156
519,22.732000,6.32881129e-05,-9.02257156
520,22.765000,0.000153269066,-9.02257156
521,22.797000,-0.000167289167,-9.02257156
522,22.827000,6.92517642e-05,-9.02257156
523,22.862000,0.000207451783,-9.02257156
524,22.894000,7.47600134e-05,-9.02257156
525,22.928000,-8.40545108e-05,-9.02257156
526,22.962000,0.00015729836,-9.02257156
527,22.993000,-0.000158909155,-9.02257156
528,23.024000,1.977387e-05,-9.02257156
529,23.064000,0.000204509677,-9.02257156
530,23.096000,0.000297825172,-9.02257156
531,23.132000,1.18384924e-05,-9.02257156
532,23.167000,0.000115797258,-9.02257156
533,23.200000,0.000338904443,-9.02257156
534,23.234000,0.00021380157,-9.02257156
535,23.266000,7.80536575e-05,-9.02257156
536,23.299000,0.000179988681,-9.02257156
537,23.333000,1.38681353e-05,-9.02257156
538,23.370000,0.000164097335,-9.02257156
539,23.402000,-3.54526346e-05,-9.02257156
540,23.437000,-0.000121592704,-9.02257156
541,23.466000,-0.000133023554,-9.02257156
542,23.502000,7.65836739e-06,-9.02257156
543,23.535000,-0.000226718868,-9.02257156
544,23.569000,0.000267655647,-9.02257156
545,23.603000,-0.000115620656,-9.02257156
546,23.637000,5.13998821e-05,-9.02257156
547,23.671000,8.10245474e-05,-9.02257156
548,23.702000,-0.000127376916,-9.02257156
549,23.736000,5.50414115e-05,-9.02257156
550,23.770000,-0.000180820425,-9.02257156
551,23.804000,-0.000134935079,-9.02257156
552,23.836000,-1.60456984e-05,-9.02257156
553,23.870000,0.000314617821,-9.02257156
554,23.902000,0.000128637563,-9.02257156
555,23.936000,-0.000106138425,-9.02257156
556,23.971000,-0.00011647067,-9.02257156
557,24.002000,0.000214847794,-9.02257156
558,24.034000,-0.000144089106,-9.02257156
559,24.076000,1.63242366e-05,-9.02257156
560,24.109000,0.000725112273,-9.02257156
561,24.140000,0.000331807998,-9.02257156
562,24.174000,5.41116242e-05,-9.02257156
563,24.212000,8.95031917e-05,-9.02257156
564,24.244000,0.000265818933,-9.02257156
565,24.277000,-0.000129574677,-9.02257156
566,24.311000,0.000221813418,-9.02257156
567,24.342000,0.000294449361,-9.02257156
568,24.374000,0.000110241723,-9.02257156
569,24.407000,-0.000253697392,-9.02257156
570,24.439000,-0.00017239638,-9.02257156
571,24.472000,-0.000334778219,-9.02257156
572,24.506000,0.00017064024,-9.02257156
573,24.538000,0.000315344165,-9.02257156
574,24.577000,2.07381963e-05,-9.02257156
575,24.610000,-4.51198284e-05,-9.02257156
576,24.642000,1.9203464e-05,-9.02257156
577,24.675000,0.000210765749,-9.02257156
578,24.708000,0.000193801126,-9.02257156
579,24.743000,8.02247305e-05,-9.02257156
580,24.777000,-0.00018017269,-9.02257156
581,24.811000,5.11094404e-05,-9.02257156
582,24.843000,-0.000304911402,-9.02257156
583,24.878000,0.000282791065,-9.02257156
584,24.912000,-0.000396065094,-9.02257156
585,24.946000,0.00027681145,-9.02257156
586,24.979000,0.000162480283,-9.02257156
587,25.014000,-6.40316284e-05,-9.02257156
588,25.048000,-4.68087092e-05,-9.02257156
589,25.090000,9.18941732e-05,-9.02257156
590,25.122000,0.000171535052,-9.02257156
591,25.155000,-8.20000423e-05,-9.02257156
592,25.186000,0.000345158129,-9.02257156
593,25.220000,-0.000385023799,-9.02257156
594,25.257000,-0.000110705529,-9.02257156
595,25.290000,-8.59178544e-05,-9.02257156
596,25.322000,0.000119175696,-9.02257156
597,25.356000,0.000283271977,-9.02257156
598,25.394000,0.000161260657,-9.02257156
599,25.426000,-0.000205744058,-9.02257156
600,25.458000,0.000265031442,-9.02257156
601,25.490000,1.22954661e-05,-9.02257156
602,25.524000,0.000201586052,-9.02257156
603,25.555000,1.83986194e-05,-9.02257156
604,25.589000,0.000273091835,-9.02257156
605,25.625000,0.000323417073,-9.02257156
606,25.659000,0.000165126155,-9.02257156
607,25.692000,8.45393224e-05,-9.02257156
608,25.726000,0.000267013209,-9.02257156
609,25.759000,0.000257188571,-9.02257156
610,25.789000,0.000218928995,-9.02257156
611,25.822000,0.000555221224,-9.02257156
612,25.855000,-3.46165107e-05,-9.02257156
613,25.891000,0.00038896731,-9.02257156
614,25.923000,0.000238091568,-9.02257156
615,25.956000,8.44457682e-05,-9.02257156
616,25.988000,0.000156677852,-9.02257156
617,26.023000,0.000202581636,-9.02257156
618,26.056000,-0.000164081634,-9.02257156
619,26.098000,0.000186744583,-9.02257156
620,26.133000,0.000142365694,-9.02257156
621,26.167000,0.000399316341,-9.02257156
622,26.200000,0.000151761851,-9.02257156
623,26.231000,0.000257458829,-9.02257156
624,26.266000,0.000620586041,-9.02257156
625,26.297000,0.000163373785,-9.02257156
626,26.331000,0.000318962411,-9.02257156
627,26.363000,-0.000147212806,-9.02257156
628,26.400000,-0.0002313109,-9.02257156
629,26.432000,0.000327267422,-9.02257156
630,26.467000,0.000360075152,-9.02257156
631,26.498000,0.000217345936,-9.02257156
632,26.533000,-0.00010184203,-9.02257156
633,26.566000,0.000132053581,-9.02257156
634,26.600000,0.000387876527,-9.02257156
635,26.638000,7.70255356e-05,-9.02257156
636,26.672000,-0.000265776005,-9.02257156
637,26.703000,9.16914723e-06,-9.02257156
638,26.737000,0.000118569376,-9.02257156
639,26.770000,-3.51887029e-05,-9.02257156
640,26.804000,-0.000326829002,-9.02257156
641,26.836000,-2.6481066e-06,-9.02257156
642,26.869000,0.000222198505,-9.02257156
643,26.901000,3.9789782e-05,-9.02257156
644,26.933000,8.59948341e-05,-9.02257156
645,26.973000,0.000229071564,-9.02257156
646,27.005000,-0.000121284327,-9.02257156
647,27.041000,0.000138952921,-9.02257156
648,27.076000,0.000383004139,-9.02257156
649,27.116000,0.000232337741,-9.02257156
650,27.152000,0.000418569951,-9.02257156
651,27.190000,-0.000130232263,-9.02257156
652,27.224000,-8.38969027e-06,-9.02257156
653,27.258000,0.000265131879,-9.02257156
654,27.292000,-0.000159086383,-9.02257156
655,27.326000,-6.37327903e-05,-9.02257156
656,27.359000,0.000169493083,-9.02257156
657,27.394000,-5.93559926e-05,-9.02257156
658,27.428000,-6.86132989e-06,-9.02257156
659,27.460000,-0.000238890178,-9.02257156
660,27.493000,1.52668763e-05,-9.02257156
661,27.527000,1.6135582e-05,-9.02257156
662,27.560000,-0.000136345916,-9.02257156
663,27.594000,0.000221958006,-9.02257156
664,27.629000,0.000228598539,-9.02257156
665,27.662000,-0.000500832801,-9.02257156
666,27.697000,-1.09940884e-05,-9.02257156
667,27.728000,-0.00014516701,-9.02257156
668,27.763000,0.000170013373,-9.02257156
669,27.798000,-3.11339318e-05,-9.02257156
670,27.833000,-0.000119556789,-9.02257156
671,27.865000,-7.27083388e-05,-9.02257156
